"Canon","Sony","Nikon","Panasonic","Pixels","Zoom","Video","Swivel","Wifi","Price"
2.75363035416578,3.09625958662739,2.89189705162855,3.0518192736641,1.06046589429721,1.07002315098956,0.917929813642952,0.795600841168552,1.10470177836507,1.37537926517064
2.22691814711139,2.33232754969898,2.18998015620056,2.17102647545964,1.1992742790687,0.963360358170621,0.770108043181058,0.860281267167261,0.878312315889031,0.766266309099383
2.6149556794449,2.43035459823509,2.58291768719163,2.47754632231365,1.02412523007226,1.02336439375777,0.830353408618815,0.918891823171067,0.972418626729577,1.00143798779176
2.56826264369964,2.73321902030276,2.51279927342576,2.63687213833773,0.86495076390552,0.80929682889578,0.87072118889185,0.788924310375758,0.711351040072037,0.543709420998342
2.60719278250634,2.7290607451973,2.60644264437657,2.7304200450886,0.971863875371123,0.973850532833249,0.872136032583538,0.95039840776548,0.902578596221344,0.607528765039783
3.31425842497913,3.4743077259903,3.41058557042032,3.2610378530109,1.18911481086704,1.2622717199245,1.01709489727835,1.14369160662406,1.13924647219907,1.61504559667893
2.81125811077596,2.7671239072022,2.94976276461736,2.76480636876185,1.22505092149772,1.19056024261379,1.06944444628627,0.982164144263279,1.11062776394528,1.29796913554687
2.62960934462332,2.66889690978157,2.65883985449837,2.55809274341677,0.839931535237722,1.03617744384154,1.04077262076068,0.874802130791164,0.866675952372111,0.544278473358175
2.7510601124751,2.8860244826712,2.71188254383992,2.90209671121461,0.856990939406094,0.788639758992742,0.880390947273013,0.869141520972231,0.665914585908142,0.531142697590909
2.26216118875239,2.49148232192958,2.41803169506611,2.36051037422644,1.03937363707213,1.15149691889805,0.935469712673124,1.01494806992159,1.10605325345728,1.08415756439002
2.38178906329202,2.54700026804882,2.3645967150737,2.45230503662064,0.800610334871431,0.93538023154807,0.854730443011441,0.720098159962127,0.93280381965263,0.578376157806263
1.91881568315699,1.725491261719,1.80722724477876,1.83288130424601,1.0577335277628,1.03194739899492,0.829641911089291,0.817216716364607,1.04230913922365,1.01358796357905
2.67164081816228,2.66032954097485,2.78742752276149,2.85593539331758,0.812611609525214,0.842173518022887,0.69547685767319,0.694567241249556,0.781744816760819,0.534018363010563
2.57986785894391,2.71425553679774,2.42153325789564,2.57922323559349,0.984259834607869,1.02183961220521,0.865519182822727,0.921757429987626,1.0859612501419,1.34385686239995
2.52038948385209,2.50890682843371,2.51788531509477,2.41121463141728,0.886698006280529,0.966924817553338,0.92415686527222,0.880301806464079,0.973813021924172,0.775909874731463
2.44992412802599,2.52359434597501,2.50962999228515,2.39357421588652,0.88641418869344,0.977246792905642,0.913397283932907,0.893266175596682,0.91578274010535,0.982656557188568
1.91746152178737,2.12748510320739,2.02244758587557,2.07254510600588,0.991453024147599,0.992717217434157,0.831740555900858,0.91304189294202,0.956481854432812,0.878082553097358
1.56937037963775,1.69335708916193,1.64943350729599,1.56157472750245,0.90840180864022,0.961583577562177,0.824727895307287,0.75119932716534,0.811773174411639,0.99431290621632
2.67403691105942,2.67371928125544,2.53641548532457,2.65940879191671,1.27864594748874,1.10112003533736,0.977093470066782,1.0545530019867,1.19400287446898,1.89007663954213
1.9876700604741,2.06924548492454,2.13478498047301,2.10451975753459,1.06710384368695,0.939401590099857,0.897163495579954,0.998388419143568,0.934355946276405,0.619491756121775
2.95443870142546,3.002688970095,2.89091684008394,2.79115274740785,1.30309366798708,1.18241555654443,1.04185948338095,0.982558933384707,1.07689722797052,1.17880279710145
2.30976621993006,2.54276953440602,2.38996055663078,2.56318739822102,1.20988467584758,1.16076559029735,1.0612387587239,1.15437159970288,1.10749433770185,1.7607195714857
1.81895763312782,1.78652651874238,1.8226402904829,1.79600727626077,0.921630946646128,0.855271428246884,0.821798322697656,0.91401183882368,0.780139771057203,0.801453684492841
2.76357452773674,3.00895658209213,2.88135397869345,2.86489438742977,1.30697307989628,1.28986898247476,1.22000291562605,1.10597815724696,1.18236771683642,1.47004884689937
2.47060143706305,2.67399149495309,2.61732669747576,2.50923730126773,0.880960229663243,0.893854883701687,0.879500518879904,0.860407324462209,0.943314907555296,0.69095097040701
2.30351000816533,2.46046270010332,2.41775398679016,2.16499417962701,0.995716764295478,1.15970687841578,0.984598921568526,0.975065332594603,1.08769368428115,1.46728926087689
2.75140268072277,2.79992186460813,2.7520986514345,2.81771575481515,0.966050198328918,0.890589348330766,0.795484350103095,0.813861887766245,0.987076958057099,0.712789622483687
2.75509145308098,2.6566065017579,2.76104683291998,2.85088380970406,1.11299919408621,0.95512311725445,0.882539799728615,0.889655372704314,0.836176677187425,0.748921038811681
1.84898041196808,2.03645849092108,2.05007134945145,1.91703626382897,1.07523933604592,0.989338602488335,0.859058406078839,0.901575291466103,0.974083032653651,0.975168763919076
2.41813163501306,2.61688444090293,2.51747732055096,2.52861770707455,0.960685068814398,0.727782535120592,0.800706168139824,0.768045821440734,0.825907285907903,0.503432519846684
2.5799786008464,2.65608427869582,2.59943363497942,2.62110285289837,0.769483164208244,0.864257844400255,0.741586871941831,0.762900888269681,0.787968452603493,0.61423479473472
2.51515633801271,2.58261596389877,2.57054301742572,2.50466867427794,0.829285191034982,0.762213225004139,0.87942023717717,0.807536797661462,0.763176280802064,0.667364545165918
2.44936092650563,2.47314230994255,2.52948692280073,2.49478392384664,1.15445991805956,1.17461879028827,1.07406241762854,1.03266101511614,1.17894901831603,1.71854426259325
2.56651750536363,2.60770302664498,2.48648974759123,2.63125213313184,0.904103257865454,1.013452434106,0.924582773668955,0.886006382636825,0.948095218484882,0.777333268924726
2.26649858477611,1.97584225181965,2.23579880576366,2.03041508824096,1.13965856815558,1.01337293631476,0.844984062648773,0.873022606737778,0.964293707915667,0.848420595053978
2.72057839185709,3.090850368622,2.92735540226931,2.97911976441805,1.14930740550063,1.10763939022973,0.964192887753049,0.927168211921159,1.10949923368191,1.45651280226698
2.01482432241348,2.09086294944806,2.17252829764633,2.05858283330384,1.05792147720893,1.28990048040782,0.854422571641687,0.949047433753554,0.931392700487333,0.723411749182855
2.83128259063502,3.05129835043956,2.97601765240302,2.87506872083204,1.37318340492557,1.1675019762349,0.946383061215173,1.13052816863603,1.10029062219437,1.68584157080443
2.68312589747504,2.79134658579529,2.74343302910119,2.79001435115383,0.82615552480901,0.755247366547362,0.697648219736507,0.873673109779645,0.788467477220778,0.668708263734392
3.20728913351039,3.2392265595031,3.00348293030444,2.97885994795727,1.31081906710322,1.23968404609234,1.11995836960826,1.03742815159064,1.15849226681527,1.59040265697959
2.55962185293558,2.38676593598326,2.47017243076968,2.58123354078985,1.0803298400527,0.913067411486534,0.933202008903401,0.99978260624272,1.06338492584961,1.15458102855629
2.49554282353603,2.48235254170008,2.50082667007561,2.47212239839312,0.952558837203131,1.14537619871136,1.02946857593499,0.836584839285366,0.930833375741106,0.621006083836095
2.88569196830387,2.90651822844322,2.88635033957477,2.8104086402172,1.31851200670716,1.12392009465103,1.01246365019716,1.00570584155056,1.15560148366891,1.81738338969727
2.22306196429179,2.04202107962382,2.20275674162856,2.11780481527928,1.04389356960974,1.0588232643584,0.879159087838623,0.948102282493647,1.08494877279062,1.4768643941089
1.78731409957138,1.8286468164821,1.64453338096674,1.80726854856763,0.87697670842677,0.906242237631311,0.782346751621181,0.786211997518744,0.909981382536416,0.775137033051648
1.6834121218224,1.87268892858274,1.87981349268409,1.75491863751809,1.07224222115415,0.990439431645932,0.961461504978639,0.948774454441894,0.907748174560735,0.789701082165449
2.51552007817518,2.55606223216318,2.60014951582995,2.49124288736313,1.06672374290307,1.11511453627102,0.992510659381545,0.978405928575157,1.17052770485968,0.76071062462789
2.0900960803473,1.95067319028277,1.9962665824839,1.8957480659344,1.09133294516308,0.816459456062534,0.798269033236678,0.76518638469673,0.76387744820332,0.733990012852775
2.16098309469335,2.05893100119986,1.87945657701685,2.14577321876976,1.01385021661294,0.954657284700449,0.807325219788729,0.863176325108917,1.00516825241549,0.747031966499673
1.67402712915334,1.73805648055083,1.72131211780692,1.54677067743305,0.912061179470879,0.959318536972791,0.8721807702399,0.976960970360701,0.889343751984426,0.908897398430209
2.92020857591347,2.93613985552918,2.97261719313379,2.82890430422084,1.3798440667535,1.16600613067954,0.881732730719025,0.989375934888616,0.971577107890493,1.25766802475671
3.08853008737559,3.06304062236639,3.11512780654706,3.14338389543929,1.15289066196056,1.18530973912593,0.932204949449779,0.909704879800644,1.11458156045054,0.761912305725944
2.32073679402019,2.3344709853171,2.3598253298313,2.3731785636338,0.906037449711487,0.924213270682858,0.793892520322791,0.798427565837448,1.04863177060612,1.0682867322133
2.60875476087967,2.58853247026576,2.57590977177466,2.43013504297252,1.13802609802003,1.15778919736521,1.081679546268,1.04206923675838,1.05026661940328,1.69558178221015
2.40789354059359,2.54745620524467,2.45771617068733,2.38282005797729,0.958331301114428,0.934816262598007,1.0660637124823,0.891985470159583,0.880557049146863,0.673232026073818
2.69632023359728,2.76444487461887,2.44182986824385,2.64322865418176,1.21631906546599,1.05159651004846,0.978054738265579,0.949412124491001,1.00767199722493,1.0761654399737
1.67573702591302,1.82987396380235,1.77727326196466,1.84860460479496,0.941638655771788,1.18079039215379,0.835528539050204,0.880512473189641,0.864684105541747,0.798965003377581
2.91505197541488,2.99355570984795,2.97673849373048,2.93278249313934,0.90788121675155,0.764769158804619,0.783076041152127,0.695291188734913,0.782899417696125,0.65695328252769
2.79943629228187,2.87865085101658,2.86982855944326,2.81580899898505,0.852951508368965,0.863912126063917,0.914598205797677,0.845692693518015,0.867195377380089,0.911504882503745
2.53604828559941,2.43154628932268,2.44397174684071,2.50244612814311,0.98906555802417,1.13068243690177,1.04180817749063,0.866373323823705,0.953748503849869,1.09561849352006
2.26432105588725,2.34835302050093,2.18335396214099,2.29474768555497,0.835195994270617,0.948012139671436,0.716885712256066,0.842940232054076,1.00966980486461,0.958012286701568
3.73028719595369,3.89467612623155,3.90985551134196,3.82377076306997,1.31615947028082,1.35334293568325,1.10023143758534,1.03097484848031,1.26129920967011,1.55678766049349
1.75075328717,1.61961954167176,1.90895498372614,1.80695581892992,0.942633502324354,0.845898694773791,0.835543421615922,0.89705443914264,0.949884623317148,0.902291494736599
1.82478994971032,1.80349541998026,1.82593094857153,1.92010264137726,0.969261771629459,0.949890309100624,0.942371237757622,0.857841734405548,1.11758592766481,1.14571026928315
1.82992749133635,1.78828718434773,1.74305860079494,1.82466395559385,1.03330273238573,0.979237632730625,0.755569198997874,0.872034375343249,0.874115667131027,0.716850466914889
2.70271801297555,2.73806277923385,2.64614020313787,2.61547157641683,0.85765737244234,0.901269855933264,0.895592926836449,0.710415364824849,0.879688748401429,0.551034822974458
2.49224008516406,2.46808138599408,2.54973504414795,2.40447118022474,1.04503258339559,1.24936912724163,0.999138297707934,0.868148802621331,1.01997325608924,0.916205093438422
2.68807200225782,2.81034054839326,2.79245258350339,2.73726331390137,1.18651085848279,1.18782123532818,1.02079984529348,1.01113882603647,1.20017413661487,1.76025883003665
2.29041314401758,2.55609007834147,2.44721413144279,2.33739173283373,1.05671653049044,1.02206987940189,0.897811749314909,0.982489379921468,1.00868397306413,1.4151429247802
2.42799426568086,2.39147751840255,2.19855573891536,2.31753992437379,1.17112548640693,1.01721632703965,1.04204629775384,1.02272311028172,1.0678747349643,1.41251022975807
2.30653386595889,2.13439742433914,2.1246756235377,2.14310026695958,0.98422746544318,1.15035827680192,0.896387540433844,0.940703735942331,1.03381404481259,0.885858604410881
2.32892489287059,2.15310598890624,2.30757312523762,2.34110124045725,1.08621307278272,1.05402477916736,0.915568703135806,0.988347863902513,1.16613275875499,1.58918277721399
3.70868071987114,3.96601113610012,3.81701598714935,3.86357385483147,1.24145545306928,1.12467110116284,1.0864220101463,1.12473803369003,1.19193960500874,1.68619881811055
2.55338314446031,2.57100837851397,2.67776391062986,2.58411876224981,0.8583979830503,1.02039518899473,0.890501068639618,0.766254012129265,0.847888215148171,0.674825860472697
2.61538790267401,2.57729875337508,2.72095166996537,2.64815699256532,1.15796123022676,0.956059358440177,0.868836187304783,0.917497984079535,0.983748794369048,1.24616842198549
2.36645535666474,2.48614192672231,2.48876617380009,2.66003838313978,0.804862262730691,0.914940733854443,0.769382620667333,0.768575921261054,0.862091483623894,0.497914744571448
3.55004287623997,3.59429785386851,3.46450934583594,3.42172641287997,1.39297845569774,1.2519824370783,1.10632917294069,1.0458996882044,1.19857824093372,1.56361842981374
2.41294299472663,2.36249630943156,2.37477874949527,2.4554963595095,0.86620295531976,0.931656755950606,0.781384698571453,0.814910470551483,0.763747935429569,0.693659809568397
2.5930258374555,2.70791660791548,2.70014236216592,2.57746624253702,1.20748368996448,1.34476829655991,1.01599068499539,1.02697021635795,1.05701167132861,1.29460024973574
1.6584150644058,1.49798435182002,1.65403513826389,1.54787535895674,0.982602603257571,0.971615871052437,0.838063858673257,0.836274915579642,0.825926430824684,0.928929732470697
2.36999600834437,2.61758216097149,2.13464414473014,2.52001782282448,1.06815939962519,1.05554114540337,0.940080727098062,0.870023847375777,1.04679969274071,1.29762563031269
2.61320709651731,2.8849039847812,2.70986227909733,2.73099699523222,0.824441215765723,0.977839503931738,0.956060041916206,0.819285680588237,0.928572103322627,0.971285455923066
2.2499983190422,2.39333739480953,2.22553326068142,2.25610158285291,1.09594395417209,1.09050113893139,0.975081793253903,0.803190614447561,1.06569393334742,0.754373193618064
1.68016537655943,1.63789589974927,1.77470316027185,1.72225058824848,0.945458216425437,0.920956674833936,0.772847065217088,0.819027942091651,0.902239315909237,0.682791242929612
2.85841959453719,2.9035107289752,2.87372782517498,2.86581664600313,1.03821141673849,0.957960972536922,0.968428651269124,1.01416753006608,1.07893537516415,1.21435406379103
2.33327525242117,2.32680124109886,2.40414932834299,2.21054365129944,1.07363712432219,1.24181085513875,0.957154241901762,0.931986354422586,1.19230773515172,1.12145293126018
3.19192296373161,3.17613119134139,3.09792785093173,3.04048813662817,1.49151045430294,1.28178907026403,1.04609990756652,1.03172393486741,1.11903553004571,1.63118101437687
1.90957823740598,1.9410589894872,1.95151894028581,1.97545543127995,0.89517248777806,0.824244304254197,0.791514634028175,0.982707126171734,0.708315049710308,0.619357263670065
2.43977671994672,2.40779800235487,2.49023982120171,2.50194316438409,1.21621194135156,1.14041550586004,1.00480099499813,1.01732042737348,1.06466259846139,1.69441107665849
2.35859952379493,2.38119912853514,2.37846270171098,2.39385190534131,1.14135555239301,0.997000190717774,0.810823911874794,0.88885636798581,0.942456396688701,0.662415137303426
2.39360757800831,2.34980695014719,2.57017648194989,2.51850170580883,0.925474598964816,1.09377768801513,0.817060131703611,0.832248199611397,0.920210113870276,0.726206737368368
1.80332305015678,1.82453604565425,1.85852515777624,1.84414000944359,0.940343591922793,0.964497835149087,1.07243048347557,0.921401396968867,0.949429160796161,1.05377165623088
1.55856260182942,1.68233370509557,1.7164997368336,1.65825734591289,0.987777394169064,1.05848659572827,0.890967917363554,0.840385031812961,0.997222877463852,0.909913440040558
2.60437920573378,2.81924398210244,2.70314420451782,2.56235240335515,1.10257325039446,1.38429120003659,1.00711824762358,0.973701887121075,1.05583180083877,1.07069476106777
2.00980299430827,2.18932642721239,2.05333977073503,2.21434467738123,0.94964459725279,1.07450436193603,0.895709418754929,0.817993184404442,0.937949907761823,0.929984115914091
2.45810951633635,2.79180252899342,2.66209000623297,2.66636008256145,0.961978980341505,1.21850850048844,0.921713479499626,0.871161396671652,0.887634889995817,0.682566266955631
2.01430553836972,2.21733325957073,2.0283822425362,1.95872227564902,0.98882093692852,1.09773518487624,0.92338234658642,0.886573129663477,0.971912675389959,1.53303684812417
2.17624546778534,2.20163556244275,2.0622180097432,2.15877539559383,0.924387624845009,0.996373510969466,0.839255615460034,0.886258055017668,1.01810131264606,0.970058574627327
2.55492944913673,2.68480255838459,2.68042370711017,2.6624374268688,1.02505515846718,1.03413344354838,0.93401782622055,0.981217307161097,0.892029115949303,0.6549352062084
3.30763698554686,3.25969977234311,3.33976563323077,3.25870913442057,1.04936235729887,1.03662517669008,0.753364268759446,0.81659061666378,0.919992434802393,0.599257702696933
2.79483820511211,2.84566233699685,2.87863284940131,2.86345206283138,0.932309609029442,1.00929831029448,0.772551812218293,0.827387683578694,1.08329263891477,0.801322731510163
1.76092691993035,2.0035986258444,1.94152508525057,1.95575988183302,0.92444407104742,0.985865588532319,0.953246394026648,0.895578570562533,1.03224102630799,1.10258566304068
1.8351756613106,1.96194037611909,1.87655205688465,1.87003543240796,0.994002985461982,1.06679303794167,0.842410137280489,0.956489467541216,0.972945589299846,0.699313613093294
2.12058316487174,2.08608672432015,2.11284512767351,2.09574273806085,1.09832223588607,1.1271527925483,0.979394355733937,1.03215953326229,1.03917536141053,1.35018694450871
2.95069644567821,3.20770055665244,3.1358585607271,3.01613634945533,0.994933331047733,1.07646289941567,0.918134431879608,1.06520829535221,1.01988378078305,1.18474611356621
2.51077622551084,2.6138865899876,2.62017654049352,2.64269323842817,0.948700749707001,1.0459971579691,0.751894448574104,0.726004998461033,0.844545814635234,0.618971189982182
2.61486469745116,2.67085752622194,2.66701672542459,2.63290405326473,1.20260358388642,1.18152546780506,1.09536073236727,1.11204732690696,1.1739388865077,1.68266404095603
1.82969843794254,1.80747455287847,1.86211915706673,1.63823739365772,0.85968021012084,0.854677749544366,1.02810619116845,0.784455041509455,0.863677525399533,0.741549914619069
2.78330817198313,2.80754598201672,2.82090932201653,2.78337919280342,1.14380286834964,1.19722446396677,0.95781754874425,0.941809665797834,1.03040654019142,1.15473998085905
2.62221962256417,2.53557450798388,2.62909287609248,2.75222528617732,1.08034040651955,0.982973546083846,0.947529861739445,1.03568331164045,1.07548760619067,1.24739783201837
2.66563297992198,2.68073701823655,2.63551825668623,2.76967885404426,0.889227094722416,1.02556716496096,0.786791170683514,0.807836229121431,0.881238299140399,0.660766374618314
3.23608392245672,3.41420162448202,3.42983794906355,3.4882997600294,1.35372502514737,1.18815399892339,1.00081596174987,1.11012421415932,1.14321132148399,1.68032178311955
1.98428277708422,2.05085739742908,2.14001322472285,2.08541487865339,0.961142291834307,0.987191572125961,0.899876419758326,0.96318169748264,1.0242010139953,0.937758588809819
1.90188261488429,1.78225023793225,1.72690716932642,1.75179680738071,1.06851410923263,1.03789841546885,0.869941102510277,0.754481938172235,0.882196499580437,0.652300046404858
3.20588381706852,3.47852311002861,3.3241050093819,3.30646130907043,1.19230829543247,1.10780339015506,1.0391940267955,0.948914144798433,1.13250524347315,0.938140396795976
3.5719704790949,3.44509660715016,3.52643721247864,3.46892117518387,1.23340124336122,1.3158869638041,1.08000405912373,1.04662879043127,1.08559746611827,1.4420765409939
2.31261673212138,2.49724183309296,2.19117461636293,2.41090470322555,1.00685238252773,1.01173532866161,0.795427928980912,0.881375158634753,1.0135516104729,1.20410261368724
2.40534654323256,2.20746707136836,2.27941891866563,2.19788114113216,1.1414755127434,0.951627550995365,0.939307577468602,0.902766073016803,1.01558986007712,0.779622466875112
2.18238422038399,1.88673498277137,2.07355169432876,2.01598780020056,0.920475874504956,1.04255643854978,0.892494725464703,0.799478734292101,1.01121807166559,0.965760252988925
3.41314594328671,3.4013935509232,3.50977975033493,3.48622017820037,1.51746196644728,1.30652751310532,1.07757159742599,1.10821024906397,1.31526648840886,1.63798875398887
2.3371611070732,2.7324958673413,2.67414315073123,2.5722007632734,1.04439762075049,1.09789589842576,0.96944096412117,0.97731746748785,1.00850671807859,1.75511847828483
2.25461833206649,2.22962926905137,2.28634876626225,2.28590273852375,1.04684002035965,0.975284188550175,0.87056210485825,1.01719331791923,0.941919267587774,0.819640714627313
1.77305450679742,1.8714946322612,1.86289348922247,1.78963564787527,0.965494571876239,0.933772474635952,0.79325973167146,0.814721043582583,0.835027146138727,1.01203275111727
2.0342045411529,2.16652056329116,2.1074131808803,2.10550168648352,1.05320226431703,1.02913313920206,0.938092635860896,0.88796268390509,0.946597430510556,1.03297280017991
2.44264065758365,2.36972167582941,2.64675259293006,2.43287698901681,1.16234387657245,1.2602453032899,0.866523647102047,0.933883484988323,1.2080074080084,1.02411905076938
2.81555875715845,3.16025332712128,3.04725571000508,3.0376269669846,1.3272403356242,1.22788330157368,1.02562553839447,1.10146951403569,1.09351500181009,1.67787166793941
3.27871524854097,3.3860257169266,3.1281040038135,3.18044361781627,1.27606296563954,1.31539690851161,1.12061519501891,1.05189786226372,1.10304961033971,1.98050679217554
2.77094619139153,2.91180198749425,2.81668415872906,2.87457516284459,1.31724338905029,1.32411240454174,0.966762649065334,1.05121226594942,1.23597692324738,1.94591001863219
2.20217934253164,2.16582180193949,2.22865401198032,2.3604312154364,1.07332291928474,1.01804531754388,0.927980025566578,0.918826981825914,1.04392243595496,1.3212366317832
2.79153737465483,2.79078033909355,2.74087507784216,2.68588397348871,0.884328833827245,0.909545380187119,0.890855609077461,0.858219736044216,0.778262860760774,0.888971707401365
2.56335303121647,2.30308462108803,2.52412660185072,2.39083254146164,1.03020606252164,1.09317916193456,0.948509717752998,0.976794089244129,1.2080898791022,1.18619511394523
1.9909993292503,2.01390827439338,1.98599247108416,1.99595151499327,1.0004897864866,0.983841694237262,0.860200395360267,0.920772356121446,1.03694152627861,0.889009037375892
2.66391253535793,2.97496699347994,2.91506079306244,2.946607403969,1.04708968028872,1.16364634538415,0.952403859106093,1.0103344952458,1.17557231079558,1.31681435753325
3.18046621370894,3.60573984758954,3.35199369744417,3.27792446208315,1.04847588345575,1.22744270001278,1.01748798183394,1.00865096236493,0.998257365399731,1.50497306040098
1.98082940256236,2.21659337232753,1.98821091703588,2.10252900785578,1.06665918410372,1.11027587943208,1.01492273813449,0.987615037663337,1.08218396441112,1.61572181253882
2.44705957368548,2.5332102781293,2.40535630158142,2.52875832397999,1.2465251024041,1.21586568833542,1.04480516828307,0.962078932374857,1.11109457580344,1.40555068786248
3.11468533562955,3.27384879240801,3.24309980769404,3.16364705859617,1.24825579577693,1.21322050006321,1.06790290946388,1.03636906424776,1.12563455048657,1.51805512736781
2.34214034189709,2.23230005256146,2.41531322741426,2.25399446221996,1.02976772020747,1.06407735724108,0.975476243153379,1.02779326382463,1.02611734842647,1.37616681647518
3.54760209066386,3.44826894728246,3.5800245022202,3.53289553146397,1.44851752502009,1.4750629293301,1.04543980916838,1.07942598557913,1.27279575504348,1.63043458850596
1.94872636319137,2.00297166848123,1.9879765880128,2.04518514702772,0.932185952977833,1.10080247246317,0.964326048612831,0.975849373753093,0.914443144563157,0.813212039700176
2.55548246455888,2.69098143191577,2.54128236032464,2.65011168180766,0.81679809761395,0.935057809341202,0.822604068514169,0.730207702480066,0.771041401076364,0.531878856051958
3.39696300461137,3.50241765904533,3.39618494355928,3.28246756690777,1.22412814836846,1.33382493799845,1.02183374622545,1.10174224852857,1.09685041530543,1.53613490004223
2.22995079092699,2.51373789078846,2.30939929733687,2.47656786491051,0.864266292996725,0.998771614348388,0.871517230704764,0.894352953942032,0.840156677398906,0.604078175335661
1.91436275526495,2.18147639221059,2.09066112599802,2.0364129608328,0.933043198748633,1.04434246270542,0.889254134507344,0.78916849765979,1.00221953920683,1.11638175899881
2.52076692504716,2.52342496091492,2.58340613108294,2.51237799529252,0.831826647080485,1.15922068584054,0.922066732167758,0.794386756722066,0.821373872434433,0.672608847187216
2.32021595407713,2.22037374238979,2.15073846020324,2.16662669061252,1.17683851687069,1.0628275800263,0.938413251377941,0.961247914764,1.1424792506424,1.22851167484312
1.71393431771828,1.86786947443765,1.60166317423707,1.88215337121325,0.8550176327613,0.969102917899235,0.864325696294586,0.825581155822637,0.923722326230548,1.36972197797248
1.98593716292679,2.16076311110437,2.15950292831221,2.13521528370724,1.17133117810241,0.924342909715164,0.856514646109787,0.985896467007636,0.930043326213973,0.895902175780391
1.81141238089451,1.77991289395065,1.77815358231193,1.822658470826,1.00409927156259,0.983013977286173,0.724911281749601,0.793006313360624,0.779678833990022,0.568987811342964
2.65506312850902,2.73757704975425,2.68719970971528,2.73710633287553,0.923650797697949,0.985192547021251,0.901669581444002,0.975579633621943,0.995621154413547,0.921320519427579
2.26366319263097,2.0640086847662,2.40521983590476,2.24715407469599,1.07358261745025,1.06753386589859,0.90274702862424,0.967675429209151,1.11126701811325,1.62503140541244
2.27546765718164,2.36820797458506,2.28715238501947,2.36928197514856,1.09971791775643,1.07857152019297,0.980406239269941,0.976102525151135,1.03510897404326,1.05951845682393
2.23762539777944,2.41956622130988,2.24908409881417,2.25686598055768,1.09371420317071,1.09716845042233,1.03771338638096,1.08725047295751,1.0444834875371,1.79919669249583
2.77447412942459,2.82502189171127,2.73609412918567,2.73135551196739,0.891816697786434,0.842327956030687,0.840832971496523,0.848604112099939,0.790004197838067,0.868274789483955
2.45986612698546,2.6007364574866,2.54019932199355,2.45796940065545,0.945156005096863,1.07146772419435,0.877420017366859,0.927791269719594,0.976806820017182,0.763932971956202
1.82265842276331,1.86573413666471,1.88261148640507,1.87088047891525,0.953569328037734,1.28025704060105,0.900173876678726,0.837230489573864,0.991006807884985,0.805786765246242
1.9628646138237,1.93036174059499,2.04451691018998,2.10066120680518,0.974311369875296,0.983681129200525,0.851269599239055,0.885641406862614,1.00355856947574,1.07139681681975
3.46854129412517,3.7472688719503,3.47332621773219,3.48100104905533,1.27201438282808,1.31418258998438,1.01063139838347,1.11954007248372,1.16054848621438,1.68693460834691
1.92322878270465,2.007347187308,1.97579495602812,1.91706090114869,1.11102289356217,1.09653073572074,0.862633421404856,0.812005233281043,0.918814550984237,0.657389508033525
2.92859185233874,2.95485490617767,2.97125111259761,2.95465649579611,0.860993092480083,0.984371770796004,0.769394501699213,0.840153810769462,0.979180692832888,0.53615611342752
1.90144556331884,1.78645740692255,1.76584150443994,1.83714541578255,0.971740198456395,1.02516277207192,0.808999503695729,0.949654121725386,0.939554761062467,0.983341214216294
3.07986756861715,3.18849084306086,3.00419624781179,2.94189819834141,1.38253879032352,1.31984261229,1.04577445600645,1.01778718378284,1.11205232810406,1.32873355229555
2.69238442549378,2.72783309891501,2.850276401909,2.60917321846343,1.25322161238196,1.26288448200032,1.00908380176866,1.07983219784357,1.1160290522646,1.78439640703117
1.91005050093648,2.10218783377404,2.08122506866993,1.89916687200546,1.00837005455254,1.09419916563244,0.983037710024099,1.00007117613042,0.99395434929217,1.60832405890612
2.54299899726282,2.67900996722217,2.52951797387629,2.52878330463567,0.983670573704128,1.10452978890989,1.04194731620048,0.966967337005864,1.08775168119692,1.55671735894887
2.41086776527454,2.52657284277805,2.34346321222562,2.40283325551405,1.06416425768319,1.0225204428061,0.988519420319387,1.009844266749,1.06165403853077,1.40095413142384
1.82018503616759,1.90420424477384,1.8787673356495,1.91869902856327,0.97171196431256,1.20259717473821,0.913556728141453,0.870652667905995,0.98074468075378,0.950877255500502
2.11000339990326,2.26323974412185,2.22580631889672,2.07439583752338,1.06784633508531,1.31798545252042,0.986648390807582,0.965967954295834,1.19924548547634,0.937975889505592
2.57323784109843,2.38706844065161,2.50947941294196,2.42080565439036,1.24152890113868,1.19168533415857,0.932256020382721,0.982290190092714,1.04938523471956,1.47289074156351
2.8525158975507,2.79645105368509,2.82985813293283,2.83666452836745,1.36688349393167,1.4904634236773,1.08028671114646,1.20959352981019,1.30451368530001,1.67719611318511
2.76330434530659,2.83543333533183,2.87161910635748,2.87243116467109,0.846411999109133,0.740774897728854,0.827323853672097,0.819830915963005,0.77311252283636,0.54985944501745
2.19923746059996,2.16743571605881,2.01066549881296,2.07018356762015,0.952889306266127,0.960266289945087,0.890391284762497,0.996580236821288,1.03553781264921,1.22618677746433
2.87312848075681,2.94938388808829,2.97366976481584,2.91475388886261,1.2924435625014,1.22266340087147,1.15347252449651,1.17614574194546,1.16799397082113,1.82038354331935
1.92392927881153,2.17829938162736,2.13874180723019,2.01241440190741,1.07110754729612,1.03299775962249,0.870582077497955,0.905984137030485,1.00095221328779,1.21564386772564
2.16126833576281,2.10735606137493,2.08277421109566,2.10456633265896,1.12688704008893,1.13353808800919,0.950326905587234,1.00207186766094,1.10666223231592,1.16101172116526
2.04253159480398,2.2017991112396,2.14867041171881,2.1856038861961,1.04376551735607,1.08823739844933,0.994486735411718,0.971232671425755,1.10092967034164,1.31123593721009
2.38064097521894,2.40435106536949,2.19967781422499,2.2593396226325,1.1920802821521,0.943500378372502,0.957207523107172,0.953229916823098,1.16525991190961,0.958601028832301
1.75082874889454,1.68147684669219,1.76491672244724,1.67414982518764,1.15207581394704,1.09665786021305,0.81635598212801,0.866767196638448,0.940783711626106,0.934381327185703
2.34045839180503,2.46771990110929,2.47883845966343,2.33178577203261,1.02609948553063,1.2274092252157,0.939530791200996,0.917668088449474,1.07853568589487,0.966020903528927
2.17361398544495,2.2086124480062,2.30877386826062,2.13022832136097,1.1129572615796,1.20347665714373,0.934380470672551,1.02144849372554,0.98534427780436,0.830680760109772
2.35332990213423,2.24275710041497,2.31176549482648,2.32266998323804,1.08667240414681,1.19868279685483,0.993712141172847,1.02183235362107,1.10243054960972,1.23622949218676
2.98593760723854,3.14558882161536,3.13834178391024,3.12722038753323,0.862838195797897,1.08576109856664,0.886705226311437,0.830800810593662,0.963358014594992,0.666809638501434
2.90882364358974,2.82987292141663,2.99584993362745,2.94233629663725,1.23528508720593,0.940874968577001,0.78703819625868,0.728855116166408,0.753990635119622,0.506941052182321
2.82300637820581,2.92069628127864,2.97693305872814,2.88463416731358,1.25524583957156,1.41881752960337,1.11538761622417,1.11041634486399,1.12932684998951,1.28368492787078
2.86482677218444,2.93992615726617,2.62438224605525,2.81457447991186,1.12096272982867,1.11697679985751,0.975591243619741,1.07206201456265,1.20709897115261,1.74301615469524
2.51044891440559,2.5611499087952,2.46310081676219,2.40591017492122,1.01520271891814,1.01979368348952,0.943487856356964,0.839320752947583,0.88205121476783,0.667912098072265
2.82819994248521,2.82383950739073,2.71606054611594,2.84892087390011,1.37836997456839,1.32479746990314,1.15541595032379,1.0850300304546,1.24032272391507,1.84796461302028
2.53303347257484,2.67278396914039,2.54336351848331,2.53027782935489,1.16315940346772,1.18287639817683,1.06531133755984,1.04281154098743,1.11198545393643,1.54732235457148
2.61101939048491,2.7472645984502,2.88430265648793,2.5746901829976,1.20404303275053,1.29563204108952,1.05439929950345,1.00392150524321,1.02725243796351,1.10552285930373
3.13527605199196,3.16795830489066,3.33920504337751,3.1762333615286,1.30348591544439,1.04819154936747,0.869223037235642,1.03694844693404,1.08455194302705,1.35286520868698
3.16140672295078,3.40178966463248,3.27492162521579,3.36123262776919,1.17698021246152,1.05126059112442,0.927974813920345,0.95661603708258,1.14745202017485,1.395543223215
2.54054761979914,2.44920312357886,2.63752997822602,2.45927502226581,1.17116559068789,1.16290468396046,0.981900004196179,1.06462706575927,1.01020371087659,1.75593621836601
2.05019322174293,2.20844878342966,1.95595526946178,2.05376778320345,0.985108068342534,0.966000991577914,0.89544977588234,0.911860616736306,0.94080464353052,0.914827912038803
2.53190291035479,2.52804999621978,2.44097391847287,2.47444059721129,0.942172921841533,0.932386665827503,0.889958621581092,0.898246307412753,0.978700840523263,0.719760066781486
3.11610306606497,3.21830120137612,3.15818111916436,3.12449493541493,0.912126793710308,0.97116326109851,0.86808227169524,0.964020530676154,1.00353245468936,0.580697638005625
1.83728635536318,2.02593908270497,1.9114333650937,2.02088138403829,0.953226766292305,0.896465383217358,0.76580587039647,0.901597336284068,0.784996782894064,0.646311646549636
2.0196848140355,1.89797963850503,1.91425670855595,1.90692908276742,0.951778887169608,0.997190958930147,0.810009012272832,0.950594087477385,0.977880349675289,1.00676992612948
2.05934228648785,1.90434387700725,2.14163513213155,1.97910491844248,1.02201590685767,1.10881116378494,0.928783605467465,1.01087052019988,0.945226528979048,1.34350073063721
2.79996251040105,2.7517759308519,2.89877835844591,2.75522263831446,1.38646188879598,1.28095170712074,1.01686394626645,1.0441956657993,1.11610624284579,0.918420770405016
1.97781442727047,2.12120823212399,2.09313876287879,1.96359250591083,1.0046912248099,1.01625601165186,0.897821293465731,0.884580921612876,0.945004806351302,1.43750708656578
1.79939404671718,2.05274714578154,2.03353444989036,2.03336866692678,0.92878804521655,1.02101542446818,0.945358380983557,0.901650878350671,0.919206318500825,0.609158440453872
1.7432856802849,1.76416061664555,1.74787941273881,1.74004042543395,0.97492193478556,0.958740778929615,0.766897228140252,0.785177423535775,0.944223261152342,0.867665504421153
2.99891501348715,2.93783317996413,3.06250638807083,2.965178920784,1.39622536878989,1.49401796895737,1.18207539016929,1.15368272518553,1.30906577255676,1.73852709168498
2.72495019125436,2.69354281554107,2.80513610360794,2.76427158925405,1.07915000017137,0.910193210624411,0.79707581393509,0.923108754474574,0.879911535289668,0.965508367198708
2.62860305063706,2.77234770253361,2.47982307385383,2.66606251398615,0.910718085523387,0.920225111715016,0.861150424775734,0.873608630653737,1.00824565252927,1.02040239382331
2.63889746145524,2.60565754939676,2.84290816829853,2.54142671433971,1.13139141829852,1.30513812042103,0.987742792759067,0.959758251052873,1.02424212572371,0.989309096935745
3.4992130806041,3.58128665467741,3.66168082494831,3.40671629700159,1.03660015477176,1.02174679866063,0.927319233856573,0.892890750980761,0.855536469064046,1.01857244607935
1.85633381967731,1.98090068417418,1.97774269579696,1.84034163866693,0.874492225081778,0.992690255950717,0.801819010620347,0.834474126112474,0.922011444157421,0.784084162571381
2.4661014436123,2.32857662609579,2.48205496131973,2.52591863160557,1.0814971147325,1.24035798453509,0.893096227352846,1.02126054404186,1.02142604354073,0.869161684652897
3.10065708499315,3.14106312215949,2.94242204660837,3.06788236444608,1.11282437534856,1.0173945810778,0.887190790680974,0.899965185644181,1.02052183151496,1.20825508330653
1.57346203690824,1.78543600960116,1.7049335144912,1.63631577080525,0.894741464329376,0.945234642573689,0.835451521232084,0.841928046664482,0.779698551306321,0.855522407793023
3.27241012510209,3.43984732677474,3.39846045244309,3.207009461004,1.12549313196245,1.11045229423138,0.857163592251416,0.804792456265112,0.969556485307328,0.666341204387011
2.60521051164328,2.76118322640822,2.6682574057814,2.67377805172901,0.884989697344822,0.921570832864172,0.857733349092517,0.961507153729624,0.952530742687991,0.772621577318101
2.35990584464849,2.47628290850532,2.45481765085941,2.55006623285825,0.987767728290175,1.19664409599915,0.976148378647477,0.762036145843007,1.02353536181049,0.855268698596845
1.93591243876095,1.87408846230755,1.93568125396893,2.00190197171853,0.895692549627457,1.0085114432413,0.88525675101356,0.93407157970205,0.989340513539301,0.873000349079156
3.68725826005983,4.02587646351743,3.8782131718382,3.94329681808846,1.26752880593825,1.18632263593387,1.04348937972123,1.10964067924107,1.23414048497161,1.83167049300696
2.57456834037883,2.55844747268846,2.57949461864889,2.54077564253187,1.17959515084191,1.07980503412236,0.807549045006612,0.832826356791397,0.899626011009142,0.593722761531332
2.95940696925498,2.97691725418832,2.88841179624689,2.97349122422187,1.06093923718307,1.06441449113776,0.728329233252737,0.882360274803878,0.861770813371543,0.599523623385394
2.45835219806442,2.42353661525958,2.50711792787674,2.28531749044908,0.96359204354032,1.14395564552689,0.912294805333752,1.02238696183461,1.03625988263487,0.746061734212147
2.10161272058993,2.28527225650192,2.24251194297547,2.11528719887673,1.09282739379127,1.18511331272108,0.9376122733728,0.974767990907484,0.966367568589445,0.990968368887274
2.37812915825991,2.20319524528714,2.50023599222925,2.26500750641351,1.17261046278357,1.17164577345385,0.948718026839032,0.924993081451624,1.10413737234639,1.22114302827783
1.86009566505692,1.82500544147076,1.90699608918899,1.84574606049252,1.07504255654242,1.10489936534227,0.930643365222497,0.915449688646475,0.961004990281685,0.864119551521168
1.96340924559035,2.01818632119516,2.04297144587928,1.88917482205561,0.949148174886399,0.986593023498389,0.943859264080633,0.931534092810648,0.980378809018844,1.17683547435703
3.27834139263646,3.51164597463733,3.40556911212921,3.42230329676249,1.35023309849161,1.36497147240606,1.05173853981186,1.05127626170953,1.15218605283861,1.62330398233708
2.30170472570051,2.09923415686272,2.35785517953823,2.26239564287763,1.04355084014902,1.14308310009298,0.876701944129654,0.901723070814067,1.03190528060683,1.40964135924903
2.61870877897789,2.72591851180987,2.71019012230456,2.7193388281998,0.923042133849266,0.946276987359613,0.894194681875892,0.927844553955981,1.14620223270052,0.617242571245547
2.4221972062431,2.59430616547739,2.64174082039291,2.51865472347476,1.31804034169579,1.27560665725896,0.954330883110683,0.962889585549002,0.994526012812707,1.25777358166247
1.88514295127029,1.98935307641356,1.89336397716216,1.8610396309635,0.9752029131336,1.01868015400965,0.920630730832634,0.8712773266858,0.988038868404802,1.44201436067337
3.28448803478194,3.38558603274411,3.17397173430209,3.25134698130809,1.32996338811282,1.2713489833765,1.15243896577494,1.09332526560012,1.28783920654878,1.81973247857951
2.80417603646809,2.62609831453092,2.98506861456046,2.67512199778435,1.18867494954882,1.29910553774927,1.04135785274083,1.08532006847029,1.1817780107113,1.09676548016207
1.89959314129351,2.05501961654647,1.85287341144619,2.0302730464292,0.967960970162701,1.13922458568425,0.879692933237021,0.942374297368925,1.06777077436379,0.935826682985985
2.42475138870069,2.38194705413621,2.45407015382244,2.53353960098032,1.092272907006,1.06356495961579,0.972275368761887,1.02996965978998,0.970970775997604,0.803067827807556
2.44205864748075,2.26821937821594,2.61518657758559,2.41747724492432,1.04798566305442,1.07256834888975,0.888117386702843,0.909575573336105,0.92318298384947,1.33797009601035
2.08207586529586,2.01041636943091,2.14698110739521,2.11607745509457,1.03219246283949,1.22291996880324,0.925191322059045,0.882608549101997,1.00879868465751,1.36361306711007
2.44235141433897,2.61397166915285,2.52023851237704,2.37139172564704,0.916809320162837,1.13602780966893,0.931879180146445,0.960624341360284,0.937715987269154,1.13544449146092
2.61032912888621,2.48613598251668,2.5939939053363,2.53426698796604,0.980253074935559,0.965095545130527,0.876614117528558,0.899186575394836,0.92802419860185,0.747530367202409
2.42958566497615,2.36629519924358,2.41575676689119,2.44572500687708,1.24418282028649,1.27686088258949,0.868255233328355,0.960803089881397,0.870528934038541,0.865263208118633
1.62647207916856,1.50829246853258,1.8475360336137,1.65936247634403,0.834493502645528,0.810624341670689,0.770278427136101,0.802617065006283,0.881442687744974,0.574220069097215
2.40330504255501,2.50196376311277,2.411804687829,2.57431650565872,0.886160852903698,0.953593842760533,0.720274546639698,0.888440791210875,0.995393178613423,0.881879630870845
2.9316033082658,2.86228851925503,2.94718179033757,2.81326014939695,1.24042455314382,1.16684523617791,1.00159430382304,1.05034688536553,1.08194993898204,1.99662128895781
2.76605653495334,2.9822593811884,2.84491326757508,2.92116057503091,0.883793012625494,0.926996320176313,0.918870046212525,0.919288818809213,0.838653977453484,0.625112133597834
2.91852206422348,3.00880731313085,3.03859669571063,2.83349480399867,0.892081802194535,0.922447503460668,0.837029916434516,0.845520559107815,0.816003800698793,0.618774453627673
2.30990095602755,2.51721143664823,2.44954703240051,2.50784348803378,1.12761124965093,1.18178790333318,0.945749344765863,1.00170520764963,1.11720242717048,1.72092277584533
2.65050738825913,2.66185598261233,2.73170989361794,2.62067197307387,1.05445794231852,1.02818197512656,0.771336104986381,0.949565972381853,0.894124909315562,0.750016197985602
2.3680127825518,2.29547689715793,2.29592514121936,2.44981991478049,1.14829535778776,1.21070462826814,1.10130895663054,1.1417236004661,1.14003232508168,1.74569509560002
2.51305274186806,2.62282707346697,2.61606881002246,2.674550094033,0.813169904686441,1.05027104160226,0.817864575938469,0.879630068478665,1.00136593191028,0.563680158777753
2.63679110690834,2.8109419781482,2.50353056103389,2.63754730655701,1.27938885628266,1.05113349938652,0.996882482823821,1.03912254513915,1.12789121553735,1.87784396105091
2.48783552618183,2.32949733864938,2.58451250507091,2.49066888421977,1.16938919707335,1.27036949601161,0.990308290609321,0.968692327044362,1.00093613877862,1.25111274993309
2.03867410025592,2.03473782467623,2.08879729495403,2.02373205207483,0.862282515083794,0.948812926034923,1.03294242117371,0.89327331839482,0.908698356971699,0.749163374595215
2.83693656040769,2.91948613686971,2.91967141807709,2.76696919989329,0.811039261421798,0.906900908892716,0.969821007269223,0.876965671249252,0.782607472932174,0.561459579823209
3.13824253965965,3.0730916914476,3.11709418002774,3.06898308552132,1.3543074259958,1.33345045959108,1.07999386422671,1.07070919175464,1.26245638922225,0.90973307461517
1.78281456589374,1.8494483618935,1.72336555499032,1.90462565664188,1.02223734784167,1.02133780347482,0.862211206713928,0.876510893543889,0.923336245943206,0.841290003079738
2.6322982684007,2.6252787695679,2.54843305501263,2.61130033061415,0.968839069447821,0.810647264797127,0.831084637662205,0.930338551679708,0.988124400945952,0.762005501088257
2.11325471736177,2.00817808991293,2.04608767882174,2.11319791577914,1.35589895625695,1.04434394398334,0.872735472718604,0.787671223965618,0.987358201665989,0.588448582008592
2.05957107111402,2.14369388028754,2.01556693837497,2.11839851089279,0.772781324969575,0.844458325398653,0.788694338800462,0.892701356530119,0.832669897757404,0.61911451100999
1.97765084337908,2.00060170965693,1.97564936089362,1.94802603721292,1.14728197821907,0.967630184996243,0.933921809631838,0.907211799896614,0.902216958474146,0.621892564074884
3.10518470482761,3.38615996755882,3.31647799485665,3.32113863314316,1.27181181472745,1.27762489768184,1.06429052781836,1.00580429715454,1.22084404598888,1.57237496318643
1.82025455700322,2.01373381947692,1.93173865050594,2.01044179267284,1.13422705459922,1.06542010434513,0.891501143241437,0.889791647766762,0.906790613614278,0.653639559231123
1.95172552329649,1.83981421976567,1.88823749974279,2.01901968813578,0.982379023162203,1.00881415187197,0.915361487896911,0.964856643088106,1.0087482924635,0.704051728070388
1.88019535572894,1.77253990925635,1.87119199313846,1.80475687687101,1.04652701023329,0.968906683997063,0.84305712476649,0.88141130776969,0.987526226389657,0.986680067984638
2.25988899997112,2.19840106229526,2.38490164547888,2.21096315271887,0.984137806573458,0.824559055877788,0.75493635268281,0.767768235569154,0.794755764875364,0.592280476456605
1.72440324267811,1.94293976952793,1.79003803431087,1.73050001934473,0.85065810052957,1.00220667347498,0.868725490859383,0.847387132822171,0.965123709601411,0.706870966227043
2.62578925515526,2.74657106556491,2.74657496277443,2.70198032732227,0.879607851310501,0.944222903159786,0.912364343427396,0.784892547879103,0.876204588351225,0.7192620940166
2.34086755870978,2.28863316187483,2.33203328949217,2.27254200497201,0.956786263095687,1.05505750947392,0.865500922777674,0.944273148343835,0.944703290848745,0.74363387951048
2.45048568029874,2.63951277843805,2.50245009342801,2.45449199123189,0.942785180412147,0.816766937937331,0.853302935906635,0.831086133827807,0.785993793353448,0.554041993765352
2.55625589709449,2.70302682325086,2.5359531799491,2.47607736108825,1.17430065864782,1.13100832665808,0.995973592103715,1.08159613947723,1.11937673569076,1.7828680436591
2.08366191885795,1.98608944583753,2.18879686751109,1.92064083229387,0.929895562287704,1.16255309808247,0.871361145587903,0.827220020832521,0.944867480531096,0.72429011087282
1.84436532877473,1.71672830355206,1.9039986392384,1.79262518878842,0.870745004212353,0.914370019886545,0.824485544306395,0.883549977128718,0.916895694858584,0.724406125560656
2.5789797184021,2.57136135319735,2.56478980062838,2.49013936232364,1.09365576206919,1.19295017630177,1.00146272740805,1.13480563861156,1.10444244528446,1.59311091937828
2.13471750090773,2.16851619551959,2.24278863677433,2.13911235281799,0.964784829669088,0.962392861491252,1.00316102682904,0.982146437178913,0.917696933287224,1.02002955562669
1.97687980129869,1.92786244595476,2.02052286615077,2.08788326852571,0.897135121156395,0.946875679442912,0.943429241777749,0.887152864241839,1.02830675335157,1.32651258423709
3.14940928900518,3.19472216799122,2.96640287631535,3.19505615447573,1.16206817775429,0.894041638247065,0.912161996169191,0.820634727128011,0.832533312015554,0.769530690624039
2.24653503601859,2.42155775909782,2.30496014296813,2.25371630435748,0.932000617131214,0.993121184701639,0.912752159900388,0.913169991734311,0.884273763569663,0.955456360938708
2.10411343743853,2.340565544393,1.98090284796155,2.17086249847358,1.00695278242774,0.917255144486407,0.898651351160238,0.878105633832533,0.968041506479649,0.941948628959614
1.86534611067071,1.99005205799108,2.01597721669126,1.96418026563483,0.968416271037781,1.00969673450164,0.970311404897496,0.884570566517145,0.882036608593716,1.01459793111417
2.46108584806757,2.485796742272,2.52819514854878,2.29803522006493,1.15450186258673,1.14091060673309,1.03492444420435,1.00115395594791,1.01627779529582,1.41898519888392
2.12410762780918,2.17634334590186,2.1079910439249,2.15448119876524,1.06211467454873,1.08550736127981,0.973693439854743,0.986617526065094,1.05106277845475,1.19209820358587
2.85502252768816,2.83721953766605,2.79127361479721,2.88145885141627,0.795991024069995,0.802881621451628,0.798250947692902,0.748785507557223,0.824058587025661,0.490579761890867
2.61398195080909,2.55087202702187,2.65720385211593,2.49107985425895,1.12307941702587,1.02318031887881,0.952671740984551,0.918021305874009,0.989302377013707,1.12550812132807
1.81874032914116,1.68981385706203,1.95636649903022,1.75632385947639,0.891683040940171,1.00007308329419,0.851326821069056,0.85615594280162,0.893447532105673,0.818690524112317
2.38031455133394,2.41028008111371,2.34734974362352,2.32322011991832,1.12084604394134,1.15242305014182,1.04549309401518,1.06501264137238,1.12779839894177,1.67120252524928
3.15688042923234,3.26729104384929,3.1724461591919,3.17070216404748,1.00596668591093,0.991374429905796,0.935759581691337,0.925444615339377,1.05274074674486,0.939140915605935
1.75330624697533,2.15384875948709,2.09539287024201,1.96023714035936,1.0199844241671,1.05308033253491,0.863158392169101,0.894941490173766,0.944011824427686,1.29905252774463
2.96879149233627,2.9013214551837,2.88841200122431,2.88965003851501,1.08316149814754,1.20540194072154,0.893136234839464,0.946053261838267,1.04814079619095,0.915047828984165
2.10586915950326,2.10655846887419,2.18413335734418,2.16038925654223,1.12070058410875,1.29638068954943,0.940383492675942,0.976623223623552,1.06010074490053,0.949843957269001
2.26950000856989,2.50745370907282,2.43312191109844,2.43027020527296,1.12592683111341,1.09167515537224,0.963119052737317,0.929929428547888,1.06902399239077,1.621650185743
2.48861319634127,2.53655277943948,2.71676882032966,2.44553779794078,0.991522618668968,1.22535964618745,1.11644057400495,0.88074029293817,1.08148280436503,0.982777439206322
2.2047213264127,2.19034758051667,2.24559798689387,2.2668273623294,1.08900152279489,1.08499966868406,0.984348274183962,0.923744659878665,0.932566904886528,1.16172114845015
3.38356157861032,3.49744927069595,3.56470031022662,3.29679874502859,1.3782246804811,1.49400531162481,1.21353393835611,1.11123479159876,1.24079529209708,1.9569912762279
2.76399478961704,2.85719613652386,2.88027164938702,2.89684093302371,0.958984838859934,0.865844156157783,0.783328661295517,0.760232927787343,0.876691403794435,0.651419412344717
2.41225640253921,2.51378966029019,2.48733524206163,2.43273616677482,1.04110584238044,1.18648753059173,1.00183603625932,1.09556224477285,1.13543193715486,1.67184331209829
2.67918419698499,2.81162658741274,2.64741708757784,2.7198508392861,1.15102680283966,1.07226601153291,0.875141634082274,0.905975860291088,0.957655593727114,0.772709617782885
2.44058213663652,2.43690636379801,2.47363583044598,2.33765564028943,1.09212262699184,1.09530184620244,1.01027254150825,0.978564807847443,1.14491492567936,1.67941032485933
2.28283262098551,2.22018135196233,2.35152985529314,2.15932840481655,0.999890813914173,1.14337600945998,0.944617424361089,0.978495411107194,0.943260192461881,1.21287322576971
2.33526425714087,2.48493773067431,2.41090754024353,2.50091759347635,1.03774963043366,1.12112618931345,0.93912606536435,0.999352647419447,0.960118560043325,1.13692529165809
2.07029486688498,2.02063144824606,1.99197817830847,1.98507246269472,1.09086472519791,1.07117925286522,0.919717227251306,0.93991935537204,0.993268007006241,1.21106842060039
2.37645074619426,2.48788573942405,2.45062191193537,2.3124064241722,1.06730418903693,1.18303546285656,0.937931050472487,0.825171700451709,0.896995373041879,0.727073200449716
2.2100971004559,2.16555779950257,2.00476191895799,2.12083963440578,0.908115028627768,0.952953142726823,0.852841763431677,0.873157668101915,1.0615277358726,0.984900993602645
3.53130567036351,3.49644779912953,3.4802118207423,3.44540862324792,1.35599706926549,1.30766239703338,1.12661637348633,1.06920984093017,1.19182111412411,1.89987215545932
2.47002490695973,2.553597094629,2.57981470626029,2.51120239259828,0.892372554669004,1.04693700748675,0.821056051197718,0.721015525040038,0.887249072429367,0.811859542278756
2.2416722704712,2.03846546474994,2.23789306808179,2.08135890671283,1.10147774384016,1.03154196200875,0.876713056669325,0.94423484370417,1.01790846358436,1.31147657576526
2.85755044655841,2.99399981023036,3.08777077502597,3.07252357485716,1.26759922587814,1.28076768176914,1.04119692014375,1.02583294312274,1.11735773772558,1.27962265132698
2.56419576494669,2.53972422079481,2.61670402982241,2.53871045878634,0.889657022187315,0.870243638908711,0.833038125622786,0.733740885815804,0.700081692184425,0.648543270991677
2.61302904768449,2.46608950853097,2.57541662925246,2.63677767594011,1.09714239079582,1.14209135873419,0.884095936543562,0.891197721846635,0.934928186114022,1.03016078598236
2.1385661704928,2.24593150018697,2.15129371903647,2.2054314776464,0.919861830269752,0.91625657996629,0.874597477715546,0.816937636792466,0.780432380219748,0.718500477592324
2.92320603566643,2.94782546243677,2.84755523033824,2.91276270803452,1.26649739426889,1.3070164384801,0.957202391463602,1.00300611264343,1.06978450664546,1.22199081280155
1.83262040950688,2.22116596231763,2.18793907326881,2.00639386628548,1.03938042564638,0.947866616498755,0.876228658297878,0.964039095472902,1.03909918121542,1.30620901483223
2.25989922191797,2.13793321255003,2.24123402037205,2.12628813890705,1.05352881911941,1.20055591123529,0.883508748790557,0.836051045519147,1.02265402913175,0.772254062699045
2.57850931997466,2.44593779063314,2.46924909770273,2.57679441542448,0.951643079237609,1.07273778325939,0.927601772428795,0.917365744964219,0.970907953900708,1.00176300803028
2.21896361261018,2.35742131392121,2.14730356901751,2.23849125566226,1.09333540415979,0.947624920229719,0.991700341327911,0.937529728848178,1.02464340710523,0.836877505022562
2.67294663524008,2.58788701307516,2.70320537832745,2.4452656564483,1.06662207875123,1.04322545265985,0.91712687605606,0.956879635242017,0.985498178158976,1.44673606486596
2.4515897569641,2.60513348020384,2.64724872873754,2.5231008293596,1.18052704888667,1.16602921452026,1.06669979414102,0.952084389299701,1.13567431304439,1.39668952294973
2.80890141803207,2.75938199962189,2.93201883714463,2.73367714823552,1.04191965321796,1.044103687157,0.898788075524677,0.914768121940341,0.955496743478227,0.981084717245278
2.4871439137925,2.62023555020363,2.49397849310484,2.40409513733995,0.999897320789046,0.990188925738551,0.851461044105037,0.897213170675555,0.847936183928482,0.620922342973075
1.90067869665114,1.99168722685799,1.83897627583489,1.78754745145911,0.872116588382233,1.01855666209731,0.934241561785575,0.880472392623901,0.871058619229851,1.3493818894763
2.90080372414156,2.89807165334234,2.9112026469776,2.92597373578081,0.970136136798172,1.07104942548095,0.860019493533357,0.820822338998056,0.779152587652539,0.527634796091589
2.26736862248798,2.25791479515013,2.30063438684311,2.32277832771161,1.24055478725989,1.27730485590513,1.12421048849533,1.18321503700167,1.20129340754356,1.70746588002448
3.08270094216173,3.11114574754084,3.3002436181272,3.15014959623381,0.891099459344981,1.08254336959306,0.829591242189258,0.88230008165638,0.957743662440812,0.642493646843093
2.37080325820189,2.43899898861501,2.20984893350894,2.34751970621381,0.888330406107099,0.93248219427396,0.762326129331333,0.750227094963735,0.993281072973535,0.935852543047729
1.99450213007241,2.12502831596887,2.12928344067843,2.11891032234129,0.906442742177473,0.997048780394139,0.863927479275259,0.792831382651753,0.981835533746981,0.928364346136764
2.51218375804745,2.5668745407375,2.65292184048022,2.76018619062353,1.06601620598639,1.1431900127123,0.945094817799908,1.03865139520137,1.23287356840666,1.39512602685439
1.77518105797871,1.84389171776127,1.84824219412158,1.77049392944911,0.844401351670288,0.813456800480602,0.849574434789848,0.805975637263688,0.87350583850342,0.895382234111232
2.10465388592832,2.00880846244323,2.11890445826669,1.96510413684981,0.960625602676928,1.00959507192725,0.898726039424073,0.953798934932265,1.10918022741875,0.850956028307154
2.42513987510609,2.34146595910714,2.4149457065764,2.36469740659062,1.05483215389925,1.09837985562808,1.00867342873322,1.03205653849294,1.13762499873518,1.43046206123908
1.8408121924645,2.04933368607684,2.03072267103397,1.9084846240063,0.970869193935818,1.22939650153606,0.907874773837041,0.900679080929544,1.00949219671794,0.945382130779214
2.38214537003954,2.35023250534024,2.3166558233021,2.26670682065162,1.18629736159057,1.08858655782056,0.940293116573283,0.96498951701406,1.01872767093294,1.56123825688459
2.7094973481424,2.80499639882956,2.747088329232,2.75865212306504,1.13092981472948,1.15675209553899,0.848129036488526,0.804324604633209,0.802718289546315,0.531874880900017
2.10267864316199,2.35631179759522,2.26140627421428,2.25720338022521,1.06454795304835,1.06780113909379,0.946582137243375,0.893949102922922,1.00811113264458,1.48629922601709
3.03718420414767,3.17027140351221,3.14258380418992,2.98304744685416,1.35152429710552,1.44318961168924,1.06363034302885,1.13588522275895,1.25707356343479,2.08520450557245
1.94486649934001,1.98566187760945,1.95001911334989,1.91675647051638,0.971635464993849,1.07377684055121,0.910723473376536,0.86967647442807,0.879824487502987,0.83391442665615
3.56875026051051,3.65003924295976,3.6327828098504,3.42175198319914,1.43085994097231,1.55961501132626,1.13160476782383,1.24390606561197,1.21970920048961,1.21023735651924
1.92018603819112,1.97149191344127,1.79171684132342,2.07071093327349,0.963104085885159,1.08559799313238,0.943467058366949,0.975691115301969,0.970472953217821,1.41228261416737
